{
  "analysis_timestamp": "2025-08-01T17:45:24.503170",
  "methodology": "Fortune 500 Financial Standards",
  "executive_summary": {
    "analysis_scope": "4 investment scenarios analyzed",
    "recommended_strategy": "comprehensive_strategy",
    "expected_npv": 7682365.41,
    "expected_irr": 19.08,
    "probability_of_success": 1.0,
    "payback_period": 6.67,
    "risk_rating": "Low Risk",
    "total_investment_required": 19711319.88071429,
    "portfolio_optimization": "Modern Portfolio Theory applied for risk-return optimization",
    "key_insight": "Best scenario: comprehensive_strategy with 19.1% IRR"
  },
  "scenario_analysis": {
    "energy_efficiency_upgrade": {
      "npv_analysis": {
        "cash_flows": [
          -2571041.7235714286,
          277740.3816472166,
          323386.4095874983,
          333088.00187512324,
          343080.641931377,
          353373.06118931825,
          363974.25302499783,
          374893.4806157478,
          386140.28503422026,
          397724.4935852469,
          4728737.583748787
        ],
        "npv": 1766480.86,
        "irr": 16.38,
        "profitability_index": 1.687,
        "payback_period": 7.52,
        "initial_investment": 2571041.7235714286,
        "terminal_value": 4319081.355355983,
        "total_return": 68.7
      },
      "monte_carlo_simulation": {
        "simulations_run": 10000,
        "npv_statistics": {
          "mean": 1820659.45,
          "std": 686864.92,
          "percentile_5": 847301.61,
          "percentile_25": 1335162.86,
          "percentile_50": 1746976.11,
          "percentile_75": 2210478.87,
          "percentile_95": 3066244.44,
          "probability_positive": 1.0
        },
        "irr_statistics": {
          "mean": 16.38,
          "std": 0.57,
          "percentile_5": 15.44,
          "percentile_25": 16.01,
          "percentile_50": 16.39,
          "percentile_75": 16.76,
          "percentile_95": 17.32
        },
        "risk_assessment": {
          "npv_at_risk_5%": 847301.61,
          "probability_of_loss": 0.0,
          "risk_rating": "Low Risk"
        }
      },
      "sensitivity_analysis": {
        "initial_investment": {
          "changes": [
            "-20%",
            "-10%",
            "+0%",
            "+10%",
            "+20%"
          ],
          "npv_impact": [
            -20.0,
            -10.0,
            0.0,
            10.0,
            20.0
          ],
          "elasticity": 1.0
        },
        "value_increase": {
          "changes": [
            "-30%",
            "-15%",
            "+0%",
            "+15%",
            "+30%"
          ],
          "npv_impact": [
            -6.8,
            -3.4,
            0.0,
            3.4,
            6.8
          ],
          "elasticity": 0.22666666666666666
        },
        "discount_rate": {
          "changes": [
            "-25%",
            "-12%",
            "+0%",
            "+12%",
            "+25%"
          ],
          "npv_impact": [
            36.9,
            17.61,
            0.0,
            -16.08,
            -30.8
          ],
          "elasticity": 1.3508
        },
        "rental_premium": {
          "changes": [
            "-40%",
            "-20%",
            "+0%",
            "+20%",
            "+40%"
          ],
          "npv_impact": [
            -6.98,
            -3.49,
            0.0,
            3.49,
            6.98
          ],
          "elasticity": 0.17450000000000002
        }
      },
      "risk_metrics": {
        "beta": 0.8,
        "required_return": 6.8,
        "expected_return": 12.5,
        "volatility": 15.0,
        "sharpe_ratio": 0.7,
        "risk_premium": 10.5
      },
      "break_even_analysis": {
        "break_even_rental_premium": 0.0,
        "break_even_value_increase": 0.0,
        "safety_margin_rental": Infinity,
        "safety_margin_value": Infinity
      },
      "roi_optimization": {
        "optimal_implementation_period": 1,
        "optimal_npv": 1800024.39,
        "optimal_irr": 16.6,
        "improvement_vs_base": 1.9
      }
    },
    "premium_portfolio_expansion": {
      "npv_analysis": {
        "cash_flows": [
          -5142083.447142857,
          552260.5849564945,
          640139.2517988427,
          732793.6041252711,
          754777.4122490293,
          777420.7346165001,
          800743.3566549951,
          824765.657354645,
          849508.6270752844,
          874993.8858875429,
          10575985.938461568
        ],
        "npv": 4364936.45,
        "irr": 17.86,
        "profitability_index": 1.849,
        "payback_period": 7.07,
        "initial_investment": 5142083.447142857,
        "terminal_value": 9674742.2359974,
        "total_return": 84.9
      },
      "monte_carlo_simulation": {
        "simulations_run": 10000,
        "npv_statistics": {
          "mean": 4481934.31,
          "std": 1609791.85,
          "percentile_5": 2190716.04,
          "percentile_25": 3335454.29,
          "percentile_50": 4298060.35,
          "percentile_75": 5454209.83,
          "percentile_95": 7376706.4,
          "probability_positive": 1.0
        },
        "irr_statistics": {
          "mean": 17.85,
          "std": 0.9,
          "percentile_5": 16.37,
          "percentile_25": 17.26,
          "percentile_50": 17.85,
          "percentile_75": 18.46,
          "percentile_95": 19.31
        },
        "risk_assessment": {
          "npv_at_risk_5%": 2190716.04,
          "probability_of_loss": 0.0,
          "risk_rating": "Low Risk"
        }
      },
      "sensitivity_analysis": {
        "initial_investment": {
          "changes": [
            "-20%",
            "-10%",
            "+0%",
            "+10%",
            "+20%"
          ],
          "npv_impact": [
            -20.0,
            -10.0,
            0.0,
            10.0,
            20.0
          ],
          "elasticity": 1.0
        },
        "value_increase": {
          "changes": [
            "-30%",
            "-15%",
            "+0%",
            "+15%",
            "+30%"
          ],
          "npv_impact": [
            -8.8,
            -4.4,
            0.0,
            4.4,
            8.8
          ],
          "elasticity": 0.29333333333333333
        },
        "discount_rate": {
          "changes": [
            "-25%",
            "-12%",
            "+0%",
            "+12%",
            "+25%"
          ],
          "npv_impact": [
            33.16,
            15.82,
            0.0,
            -14.44,
            -27.65
          ],
          "elasticity": 1.2132999999999998
        },
        "rental_premium": {
          "changes": [
            "-40%",
            "-20%",
            "+0%",
            "+20%",
            "+40%"
          ],
          "npv_impact": [
            -10.28,
            -5.14,
            0.0,
            5.14,
            10.28
          ],
          "elasticity": 0.257
        }
      },
      "risk_metrics": {
        "beta": 0.8,
        "required_return": 6.8,
        "expected_return": 13.33,
        "volatility": 15.0,
        "sharpe_ratio": 0.756,
        "risk_premium": 11.33
      },
      "break_even_analysis": {
        "break_even_rental_premium": 0.0,
        "break_even_value_increase": 0.0,
        "safety_margin_rental": Infinity,
        "safety_margin_value": Infinity
      },
      "roi_optimization": {
        "optimal_implementation_period": 1,
        "optimal_npv": 4554284.81,
        "optimal_irr": 18.46,
        "improvement_vs_base": 4.3
      }
    },